매장이름,lat,lng,주소,구
강남YMCA점,37.5099018,127.0357061,서울 강남구 논현동,강남구
강남구청역아이티웨딩점,37.51654171724045,127.0401601992311,"서울 강남구 학동로 338 (논현동, 강남파라곤)",강남구
강남논현학동점,37.51408005446769,127.02810578707653,서울 강남구 논현로131길 28 (논현동),강남구
강남대치점,37.50133876179308,127.05242928262568,"서울 강남구 역삼로 415 (대치동, 성진빌딩)",강남구
강남도산점,37.522336,127.031173,서울 강남구 도산대로37길 20 (신사동),강남구
강남율현점,37.4735487656314,127.107863694133,"서울 강남구 밤고개로21길 8 (율현동, 세곡프라자)",강남구
강남자곡점,37.473606114795814,127.1031720971561,"서울 강남구 자곡로 180 (자곡동, 강남유탑유블레스)",강남구
개포동역점,37.488604436046536,127.06742226515867,"서울 강남구 개포로82길 11 (개포동, 삼우빌딩)",강남구
건설회관점,37.5173236,127.034148,서울 강남구 언주로 711 (논현동),강남구
대청역점,37.49418891219431,127.07764131137398,"서울 강남구 개포로109길 34 (개포동, 대청프라자)",강남구
도곡2동점,37.482353824702095,127.04304591726503,"서울 강남구 논현로 142 (도곡동, 동현빌딩)",강남구
도산사거리점,37.5206233,127.0361133,서울 강남구 논현동 ,강남구
삼성대치점,37.50043704079942,127.06310437319587,"서울 강남구 삼성로64길 32 (대치동, 주성빌딩)",강남구
삼성동점,37.5068213,127.0594077,서울 강남구 테헤란로88길 10 (대치동),강남구
삼성중앙역점,37.5138886492475,127.053299510545,"서울 강남구 삼성로 608 (삼성동, 우창빌딩)",강남구
삼성한전점,37.5103766,127.0649904,서울 강남구 테헤란로107길 11 (삼성동),강남구
선릉사거리점,37.50585465375997,127.04806966822704,"서울 강남구 선릉로 519 (역삼동, 삼능빌딩)",강남구
선릉역점,37.503774633134,127.048192060882,"서울 강남구 테헤란로 332 (역삼동, HJ타워)",강남구
선정릉역점,37.5096625,127.0426409,서울 강남구 봉은사로 326 (역삼동),강남구
수서역점,37.487429952799744,127.10304411368496,"서울 강남구 광평로 280 (수서동, 로즈데일오피스텔)",강남구
신사역점,37.517782772275645,127.02145819084598,서울 강남구 압구정로2길 62 (신사동),강남구
신사점,37.51665644330877,127.02186508143392,서울 강남구 도산대로 118 (논현동),강남구
압구정로데오역점,37.5275251,127.0388491,서울 강남구 선릉로161길 20 (신사동),강남구
역삼더블루점,37.4928313,127.0391191,"서울 강남구 논현로63길 16 (역삼동, 역삼종합시장 더블루)",강남구
역삼상록점,37.504405623324196,127.0439944465106,"서울 강남구 테헤란로43길 18 (역삼동, SC빌딩)",강남구
역삼역점,37.50178663316214,127.03523956508853,서울 강남구 테헤란로25길 17 (역삼동),강남구
역삼월드점,37.49844836915844,127.04811298239548,"서울 강남구 역삼로52길 14 (역삼동, 도곡프라자)",강남구
역삼점,37.49579,127.0405164,서울 강남구 논현로72길 13 (역삼동),강남구
역삼중앙점,37.5003154494517,127.04292899982501,서울 강남구 언주로81길 8 (역삼동),강남구
역삼충현점,37.5000776,127.0385419,서울 강남구 논현로98길 7 (역삼동),강남구
역삼플래티넘점,37.49520150000001,127.0305934,"서울 강남구 테헤란로4길 46 (역삼동, 쌍용플래티넘밸류)",강남구
을지병원사거리점,37.5187933,127.0287749,서울 강남구 도산대로30길 7 (논현동),강남구
이디야커피랩,37.51047297481296,127.032981540064,"서울 강남구 논현로 636 (논현동, 이디야빌딩)",강남구
일원동점,37.49040201406986,127.08160067456868,서울 강남구 양재대로27길 20 (일원동),강남구
청담사거리점,37.524855870334314,127.05035288418118,서울 강남구 도산대로 521 (청담동),강남구
청담역점,37.5200643058897,127.049146860404,"서울 강남구 삼성로 721 (청담동, 룩희 819)",강남구
포이사거리점,37.4784579,127.0465991,서울 강남구 개포로 218 (개포동),강남구
학동역점,37.51499417378034,127.03312378880226,"서울 강남구 학동로 219 (논현동, 국제빌딩)",강남구
학동제마점,37.5131174134101,127.033652198273,서울 강남구 학동로34길 22 (논현동),강남구
한티역점,37.4979490135961,127.056118735013,서울 강남구 도곡로69길 8 (대치동),강남구
가오리역점,37.6406008108564,127.016163948133,서울 강북구 삼각산로 108 (수유동),강북구
광산사거리점,37.6438950125317,127.022605961559,"서울 강북구 노해로 91 (수유동, 진흥빌딩)",강북구
미아꿈의숲해링턴점,37.6169375235603,127.034460650104,"서울 강북구 오현로 45 (미아동, 꿈의숲 해링턴 플레이스)",강북구
미아삼거리역점,37.6139008845134,127.031024695473,서울 강북구 도봉로10길 28 (미아동),강북구
미아삼거리점,37.6135140698037,127.02970277545434,"서울 강북구 도봉로 45 (미아동, 숭인시장)",강북구
미아송천점,37.6143905,127.0224052,서울 강북구 삼양로 118 (미아동),강북구
미아역점,37.6270583442503,127.02547799375,서울 강북구 도봉로 207 -3(미아동),강북구
미아중앙점,37.6204702944714,127.028752360124,서울 강북구 도봉로 128 (미아동),강북구
번동점,37.6288359683906,127.03987378053,"서울 강북구 오현로 194 (번동, 덕수빌딩)",강북구
북한산점,37.6447601874917,127.005613427587,서울 강북구 4.19로 85 (수유동),강북구
삼각산점,37.6199160790664,127.016024676372,서울 강북구 솔샘로40길 3 (미아동),강북구
수유사거리점,37.6343884,127.0229077,"서울 강북구 덕릉로 82 (수유동, 제네스타워)",강북구
수유역점,37.6393061,127.0266927,서울 강북구 도봉로 355 (수유동),강북구
우이역도선사점,37.6626046,127.0113765,서울 강북구 삼양로173길 21 (우이동),강북구
한신대점,37.6342771,127.0169716,서울 강북구 덕릉로 31 (수유동),강북구
가양역점,37.5605056,126.8555372,서울 강서구 양천로 500 (등촌동),강서구
강서nc점,37.5592805,126.8393255,서울 강서구 강서로54길 11 (등촌동),강서구
강서교차로점,37.5549542664078,126.855918740576,"서울 강서구 공항대로 437 (등촌동, 주신기업(주))",강서구
강서구청점,37.5612346,126.8228132,"서울 강서구 화곡로 292 (화곡동, 서광프리메라)",강서구
강서한강자이점,37.5650437,126.8488292,서울 강서구 양천로 401 (가양동),강서구
개화산점,37.5723030060453,126.806994113323,"서울 강서구 양천로 28 (방화동, 벽산에어트리움)",강서구
곰달래사거리점,37.52990370000001,126.8386126,서울 강서구 곰달래로 52 (화곡동),강서구
공항시장역점,37.5641822785808,126.810682079138,"서울 강서구 방화동로 37 (방화동, 메디스타워)",강서구
까치산로점,37.5475815,126.8487431,서울 강서구 까치산로 182 (화곡동),강서구
까치산역점,37.5317675,126.8467055,서울 강서구 강서로17길 6 (화곡동),강서구
내발산점,37.55273424482655,126.83670247916808,"서울 강서구 강서로 304 (내발산동, 영종빌딩)",강서구
등촌역점,37.549111,126.8632654,서울 강서구 등촌로 217 (등촌동),강서구
등촌중앙점,37.53608583794484,126.86312283631494,"서울 강서구 등촌로 67 (등촌동, 컴스웨이빌딩)",강서구
렘넌트문화센터점,37.55786209369936,126.84945198496683,"서울 강서구 화곡로63길 65 (등촌동, 예원교회)",강서구
마곡나루역점,37.567290908492,126.826956189701,"서울 강서구 마곡중앙5로 6 (마곡동, 마곡나루역보타닉푸르지오시티)",강서구
마곡수명산점,37.552676073225,126.826675489517,"서울 강서구 수명로 68-27 (내발산동, 웨스트엔드문화센터)",강서구
마곡역점,37.5598879504334,126.829169795133,"서울 강서구 공항대로 195 (마곡동, 힐스테이트에코동익)",강서구
마곡퀸즈파크9점,37.5593135416408,126.83523920295,"서울 강서구 공항대로 247 (마곡동, 퀸즈파크나인)",강서구
마곡파인스퀘어점,37.5582813792344,126.829290828058,"서울 강서구 마곡중앙4로 22 (마곡동, 파인스퀘어)",강서구
마곡헤리움점,37.5692420716795,126.826138036672,"서울 강서구 마곡중앙5로1길 25 (마곡동, 마곡헤리움2차)",강서구
방화동로점,37.5690161610357,126.812631152778,서울 강서구 방화동로 95 (방화동),강서구
방화사거리점,37.5732116324409,126.811777075121,"서울 강서구 양천로 72 (방화동, 해성빌딩)",강서구
서울공진초교점,37.55868486461754,126.82384490815572,"서울 강서구 마곡중앙1로 26 (마곡동, 마곡엠리체)",강서구
송정역점,37.5611712399241,126.809951413051,서울 강서구 공항대로 24 (공항동),강서구
신방화중앙점,37.5708583976379,126.821451112442,"서울 강서구 방화대로34길 92 (방화동, 불해빌딩)",강서구
염창동점,37.5527315,126.8707482,서울 강서구 양천로 689 (염창동),강서구
염창블루나인점,37.556904,126.8642901,서울 강서구 양천로 583 (염창동),강서구
우장산동점,37.547128,126.8436128,서울 강서구 우현로 15 (화곡동),강서구
화곡남부시장점,37.53387,126.8583432,서울 강서구 등촌로5길 80 (화곡동),강서구
화곡로점,37.54079309999999,126.8364778,서울 강서구 화곡로 133 (화곡동),강서구
화곡본동시장점,37.54223429652289,126.84424724638545,서울 강서구 까치산로4길 11 (화곡동),강서구
화곡사거리점,37.5316969,126.8634675,서울 강서구 곰달래로 135 (화곡동),강서구
화곡중앙시장점,37.5342817,126.8382961,서울 강서구 가로공원로76길 61 (화곡동),강서구
관악구청점,37.4795649,126.9528901,"서울 관악구 관악로 164 (봉천동, 대우디오슈페리움1단지)",관악구
관악우성점,37.4849644283346,126.95603357684,서울 관악구 관악로 232 (봉천동),관악구
관악하나로마트점,37.4801290693885,126.902896907397,"서울 관악구 남부순환로 1369 (신림동, 관악농협농산물백화점)",관악구
낙성대역점,37.477862,126.9621916,서울 관악구 남부순환로 1915 (봉천동),관악구
난곡사거리점,37.4809279906563,126.911256043771,서울 관악구 남부순환로 1444 (신림동),관악구
난향동점,37.4608681432511,126.919395468118,서울 관악구 난곡로 60 (신림동),관악구
남현홈플러스점,37.4713968,126.9826511,"서울 관악구 과천대로 909 (남현동, 남현프라자)",관악구
녹두거리점,37.47029879999999,126.9390781,서울 관악구 신림로 91 (신림동),관악구
보라매중앙점,37.4946139,126.9275795,"서울 관악구 보라매로 62 (봉천동, 보라매삼성아파트)",관악구
봉일시장점,37.4860487,126.9392578,서울 관악구 은천로 23 (봉천동),관악구
봉천중앙점,37.4789698,126.9577375,서울 관악구 남부순환로 1874 (봉천동),관악구
사당중앙점,37.475496,126.9812655,서울 관악구 과천대로 951 (남현동),관악구
서울대중앙점,37.48137982242393,126.9490007619789,서울 관악구 남부순환로216길 2 (봉천동),관악구
신대방역점,37.4869108,126.9138009,서울 관악구 난곡로 368 (신림동),관악구
신림난곡점,37.4725400701048,126.918942273894,서울 관악구 난곡로 197 (신림동),관악구
신림남부초교점,37.4834018259286,126.921883674693,서울 관악구 남부순환로 1541-1 (신림동),관악구
신림대학동점,37.4707098,126.9345955,서울 관악구 호암로26길 17 (신림동),관악구
신림미성점,37.4765402893322,126.915984298817,서울 관악구 난곡로 250 (신림동),관악구
신림신원점,37.4898762,126.9202314,서울 관악구 신원로 16 (신림동),관악구
신림신화교점,37.475523804882876,126.93620717411919,서울 관악구 신림로 199 (신림동),관악구
신림역점,37.48218874829938,126.93014982439058,서울 관악구 신림로 312 (신림동),관악구
신림중앙점,37.4842993,126.9266142,서울 관악구 관천로 52 (신림동),관악구
신림패션문화점,37.488621134755,126.925430749958,서울 관악구 봉천로6길 24 (신림동),관악구
인헌점,37.4725495,126.9662287,서울 관악구 인헌길 17 (봉천동),관악구
청룡중앙점,37.4792172,126.9454232,"서울 관악구 쑥고개로 80 (봉천동, 제이빌딩)",관악구
건대로데오점,37.540361,127.0675997,서울 광진구 아차산로30길 8 (자양동),광진구
건대스타시티2호점,37.51231926479427,127.03562908437665,"서울 광진구 능동로 92 (자양동, 스타시티몰) 지하 2층 201호",광진구
건대스타시티점,37.5378028,127.0726322,"서울 광진구 아차산로 272 (자양동, 더샵스타시티)",광진구
건대역점,37.5407466,127.0688736,"서울 광진구 아차산로 229 (화양동, 한림타워)",광진구
건대후문점,37.5464057,127.0755739,"서울 광진구 광나루로 416 (화양동, 건회빌딩)",광진구
광나루점,37.5481419,127.1075214,서울 광진구 아차산로 624 (광장동),광진구
광진구청점,37.5397529,127.0833879,서울 광진구 자양로 136 (구의동),광진구
구의사거리점,37.5447378,127.0859307,서울 광진구 광나루로 508 (구의동),광진구
구의역점,37.5382416,127.0892961,서울 광진구 구의로 4 (구의동),광진구
구의자양로점,37.548993161964745,127.0893030454462,서울 광진구 자양로 251 (구의동),광진구
군자역점,37.5530406,127.0736767,"서울 광진구 능동로 290 (능동, 삼일빌딩)",광진구
뚝섬유원지역점,37.533551137051944,127.06724151732122,서울 광진구 능동로 21 (자양동),광진구
세종대정문점,37.50842680242984,127.03603440263092,서울 광진구 능동로 261 (군자동),광진구
세종대후문점,37.5525966,127.0720208,서울 광진구 군자로 109 (군자동),광진구
어린이대공원역점,37.5475795,127.0718667,서울 광진구 광나루로 380 (화양동),광진구
자양동점,37.531692,127.074516,서울 광진구 자양로 46 (자양동),광진구
자양우성점,37.5327013,127.0758253,"서울 광진구 자양번영로 34 (자양동, 제이원하이텔)",광진구
중곡대원점,37.5635558,127.0866291,서울 광진구 용마산로 111 (중곡동),광진구
중곡신성점,37.557021695282,127.087723525693,"서울 광진구 용마산로 37 (중곡동, 이안빌딩)",광진구
중곡역점,37.5641661,127.0771655,서울 광진구 능동로 407 (중곡동),광진구
중곡중앙점,37.5588993,127.0807302,서울 광진구 능동로 330 (중곡동),광진구
가산대륭19차점,37.4746528,126.8822218,서울 금천구 가산디지털2로 70 (가산동),금천구
가산두산위브점,37.4755779,126.8929078,서울 금천구 가산로 111 (가산동),금천구
가산리더스타워점,37.4803075,126.8841943,서울 금천구 벚꽃로 286 (가산동),금천구
가산벽산점,37.4767039,126.8857798,서울 금천구 벚꽃로 244 (가산동),금천구
가산에이스점,37.4829154,126.8812688,서울 금천구 가산디지털1로 196 (가산동),금천구
가산오거리점,37.478860594893845,126.8901033556771,"서울 금천구 가산로 155 (가산동, 케이디에스빌딩)",금천구
가산월드점,37.4787503,126.8786525,서울 금천구 가산디지털2로 123 (가산동),금천구
가산하이엔드10차점,37.4688028726128,126.88749549372685,"서울 금천구 가산디지털1로 30 (가산동, 에이스하이엔드타워10)",금천구
금천롯데마트점,37.4599717,126.8972361,"서울 금천구 시흥대로 291 (독산동, 금천롯데캐슬골드파크3차)",금천구
독산동쌈지공원점,37.471350493002376,126.9032865178164,서울 금천구 독산로 276 (독산동),금천구
독산동점,37.46635783819566,126.90200430635853,"서울 금천구 독산로 218 (독산동, 창영빌딩)",금천구
박미삼거리점,37.4484646,126.9030913,서울 금천구 시흥대로 150 (시흥동),금천구
석수푸르지오점,37.43411234401002,126.90472649315366,"서울 금천구 삼성산길 11 (시흥동, 위너스타워)",금천구
세광교회점,37.4582394,126.9056093,서울 금천구 독산로 124 (시흥동),금천구
시흥동점,37.4142762,127.0932251,서울 금천구 시흥동,금천구
시흥사거리점,37.4549775,126.8992312,서울 금천구 시흥대로63길 8 (시흥동),금천구
시흥유통센터점,37.4418469,126.9038942,"서울 금천구 시흥대로 88 (시흥동, 오복빌딩)",금천구
시흥중앙점,37.449972,126.913198,서울 금천구 금하로 748 (시흥동),금천구
은행나무사거리점,37.4518346,126.9065759,서울 금천구 금하로 690 (시흥동),금천구
공릉역점,37.626035,127.0733753,서울 노원구 동일로192길 5 (공릉동),노원구
광운대점,37.62030000000001,127.0584425,서울 노원구 광운로 29 (월계동),노원구
노원사거리점,37.6525076,127.075042,서울 노원구 동일로 1393 (상계동),노원구
노원중앙점,37.623043,127.0795195,서울 노원구 노원로 452 (상계동),노원구
당고개역점,37.67078619999999,127.0803617,서울 노원구 상계로 313 (상계동),노원구
마들역점,37.6656662,127.0570366,서울 노원구 동일로 1541 (상계동),노원구
상계동점,37.6648446,127.0664584,서울 노원구 한글비석로52길 8 (상계동),노원구
상계역사거리점,37.67299089999999,127.0703498,서울 노원구 한글비석로 409 (상계동) 1~2층,노원구
상계중앙점,37.6754112,127.0555125,서울 노원구 동일로 1650 (상계동),노원구
서울여대점,37.6222827,127.086722,서울 노원구 노원로 3 (공릉동),노원구
세이브존노원점,37.6366808,127.0684246,"서울 노원구 한글비석로 57 (하계동, 세이브존)",노원구
세이브존노원점,37.6366808,127.0684246,"서울 노원구 한글비석로 57 (하계동, 세이브존)",노원구
수락산역점,37.6790818,127.0549275,"서울 노원구 동일로 1689 (상계동, 하이베라스)",노원구
원자력병원점,37.6268785,127.079495,서울 노원구 공릉로46길 6 (공릉동),노원구
월계이마트점,37.6265093604229,127.061979778612,"서울 노원구 마들로3길 15 (월계동, 월계이마트)",노원구
월계인덕점,37.6297806,127.0588105,서울 노원구 광운로22길 39 (월계동),노원구
중계롯데우성점,37.64736,127.0740797,서울 노원구 노원로22길 70 (중계동),노원구
중계본동점,37.649884209754255,127.0826133945026,서울 노원구 중계로14바길 2 (중계동),노원구
중계브라운스톤점,37.6393876,127.0642707,"서울 노원구 동일로203가길 29 (중계동, 브라운스톤중계)",노원구
중계점,37.6406859,127.0681273,서울 노원구 동일로204가길 34 (중계동),노원구
중계중앙점,37.6443041,127.086885,서울 노원구 덕릉로73길 18 (중계동),노원구
태릉입구역점,37.6196132389484,127.077885277951,"서울 노원구 공릉로 105 (공릉동, 성종빌딩)",노원구
하계온천점,37.6402321,127.0727435,서울 노원구 노원로 257 (하계동),노원구
덕성여대점,37.6516084987977,127.01319601269354,서울 도봉구 삼양로 542 (쌍문동),도봉구
도봉산점,37.68753761913406,127.04374413595103,서울 도봉구 도봉산길 18 (도봉동),도봉구
도봉역점,37.66910650000001,127.0323527,서울 도봉구 도봉로 823 (도봉동),도봉구
도봉중앙점,37.6842049,127.0448504,서울 도봉구 도봉로181길 18 (도봉동),도봉구
방학사거리점,37.6649325,127.0423055,서울 도봉구 도봉로 677 (방학동),도봉구
방학점,37.662166,127.0334228,서울 도봉구 방학로 171 (방학동),도봉구
방학중앙점,37.6657273,127.0352862,서울 도봉구 도당로13길 22 (방학동),도봉구
선덕고사거리점,37.6573275,127.0282084,"서울 도봉구 해등로 255 (쌍문동, 에벤에셀아파트)",도봉구
솔밭공원역점,37.6560582306343,127.013556949839,"서울 도봉구 삼양로 594 (쌍문동, 주함해븐빌)",도봉구
신창점,37.6389379513295,127.038109547969,서울 도봉구 덕릉로 235 (창동),도봉구
쌍문동점,37.648691425654484,127.02717853006696,서울 도봉구 노해로 162 (쌍문동),도봉구
쌍문역점,37.6494415919409,127.034706714207,서울 도봉구 도봉로117길 4 (쌍문동),도봉구
쌍문중앙점,37.6519488121315,127.036320646169,서울 도봉구 도봉로 519 (쌍문동),도봉구
창동대우점,37.64346473981549,127.03874807786094,서울 도봉구 덕릉로63가길 30 (창동),도봉구
창동블루핀점,37.66046447659116,127.04959433985911,서울 도봉구 마들로 550 (창동),도봉구
창동역점,37.6534171446527,127.049667391336,서울 도봉구 마들로11길 65 (창동),도봉구
창동제일점,37.64890361348041,127.05250451283374,서울 도봉구 노해로70길 81 (창동),도봉구
창동하나로마트점,37.654796530681296,127.05139242088684,"서울 도봉구 마들로11길 20 (창동, 농협창동유통센타)",도봉구
창동학원가점,37.65509040000001,127.0433286,서울 도봉구 해등로16길 61 (창동),도봉구
창동현대타운점,37.6473734627308,127.035653272558,서울 도봉구 도봉로114길 22 (창동),도봉구
남성역점,37.4837726,126.9734022,서울 동작구 사당로17가길 13 (사당동),동작구
노들점,37.5128665,126.947914,서울 동작구 노량진로 200 (노량진동),동작구
노량진CTS점,37.5131659,126.9379137,서울 동작구 노량진로 110 (노량진동),동작구
노량진드림스퀘어점,37.514162523894726,126.93865425871968,"서울 동작구 노들로2길 7 (노량진동, 노량진 드림스퀘어 복합빌딩)",동작구
노량진역사점,37.513574825476404,126.94082532227891,"서울 동작구 노량진로 지하 130 (노량진동, 9호선 노량진역)",동작구
대림성모점,37.4903749716012,126.908076731256,서울 동작구 시흥대로 658 (신대방동),동작구
대방역점,37.51290838049896,126.92834765518518,"서울 동작구 노량진로 24 (대방동, 한신빌딩)",동작구
보라매공원점,37.4968095727752,126.916661704502,서울 동작구 여의대방로 90 (신대방동),동작구
보라매점,37.499929,126.920282,"서울 동작구 보라매로5가길 16 (신대방동, 보라매아카데미타워)",동작구
사당역점,37.4771207,126.9775204,서울 동작구 동작대로7길 100 (사당동),동작구
사당점,37.476559,126.981633,서울 동작구 동작대로 45 (사당동),동작구
상도역점,37.502774,126.9483282,서울 동작구 상도로 277 (상도1동),동작구
상도중앙점,37.50632113638169,126.94715442128768,서울 동작구 만양로 17 (상도동),동작구
숭실대점,37.4954832,126.9546892,서울 동작구 사당로 2 (상도동),동작구
신대방삼거리점,37.499545156936364,126.92914752489297,서울 동작구 상도로 78 (대방동),동작구
신상도초교점,37.50007,126.93717,서울 동작구 양녕로 183 (상도동),동작구
중앙대후문점,37.5048307436215,126.9530308556,서울 동작구 흑석로 20 (상도동),동작구
총신대입구역점,37.487267,126.9818565,서울 동작구 동작대로 119-1 (사당동),동작구
총신대점,37.4850653,126.9688107,"서울 동작구 사당로16가길 96 (사당동) 1,2층",동작구
해군회관점,37.5044565,126.9158805,서울 동작구 여의대방로 194 (대방동),동작구
흑석역점,37.5076446931125,126.964738341052,서울 동작구 현충로 100-1 (흑석동),동작구
공덕롯데캐슬점,37.5451188164137,126.950886259458,"서울 마포구 마포대로 109 (공덕동, 롯데캐슬프레지던트)",마포구
공덕점,37.5464284353015,126.954062019715,서울 마포구 마포대로8길 15 (공덕동),마포구
광흥창역점,37.5465423,126.9317948,"서울 마포구 창전로 45 (창전동, 서강한화오벨리스크)",마포구
마포공덕역점,37.54203652124145,126.95051136853505,서울 마포구 새창로 6 (도화동),마포구
마포구청점,37.5647598,126.902583,서울 마포구 월드컵로 196 (성산동),마포구
마포성산시영점,37.5692205219891,126.905804329554,서울 마포구 월드컵북로 210 (성산동),마포구
마포점,37.5423517,126.9533344,서울 마포구 도화길 10 (도화동),마포구
망리단길점,37.5543135567568,126.905265725284,"서울 마포구 포은로 81-1 (망원동, S-빌딩)",마포구
망원역점,37.5563256,126.9101884,서울 마포구 월드컵로 82-1 (서교동),마포구
망원중앙점,37.56075999999999,126.905464,서울 마포구 월드컵로 147 (망원동),마포구
상수역점,37.5482086,126.9228014,서울 마포구 와우산로 41-1 (상수동),마포구
상암DMC점,37.5739081,126.8834188,서울 마포구 월드컵북로 396 (상암동),마포구
상암KBS점,37.5707485,126.8798744,서울 마포구 월드컵북로 375 (상암동),마포구
상암우리기술점,37.5813475,126.887425,서울 마포구 월드컵북로56길 9 (상암동),마포구
상암한샘점,37.5756558,126.8977097,서울 마포구 성암로13길 58 (상암동),마포구
상암홈플러스점,37.5677584,126.8981147,서울 마포구 월드컵로 240 (성산동),마포구
성산점,37.5647835,126.9116386,서울 마포구 월드컵북로 137 (성산동),마포구
성산중앙점,37.5602399,126.916669,서울 마포구 성미산로 78 (성산동),마포구
신촌그랑자이점,37.5558352535218,126.945660437538,"서울 마포구 대흥로 183 (대흥동, 신촌그랑자이 상가)",마포구
신촌로터리점,37.554477,126.9354016,서울 마포구 서강로 135 (노고산동),마포구
신촌숲아이파크점,37.550314872049455,126.93551824572988,"서울 마포구 광성로 17 (신수동, 신촌숲아이파크)",마포구
신촌하나로마트점,37.5560664973453,126.933116598433,"서울 마포구 신촌로 66 (노고산동, 농협중앙회)",마포구
애오개역점,37.5524425,126.9568124,서울 마포구 마포대로 208 (아현동),마포구
오벨리스크점,37.5397451,126.9453575,"서울 마포구 마포대로 33 (도화동, 마포 한화 오벨리스크)",마포구
한강공원로점 ,37.5563164,126.8993901,서울 마포구 망원로 21 (망원동),마포구
합정LIG점,37.5494407,126.9103713,서울 마포구 양화로1길 21 (합정동),마포구
합정동점,37.5483014,126.9111751,서울 마포구 양화로6길 90 (합정동),마포구
합정역사거리점,37.5483154,126.914823,서울 마포구 독막로2길 5 (합정동),마포구
합정역점,37.5516466,126.9163093,서울 마포구 양화로11길 54 (서교동),마포구
합정홈플러스점,37.550458,126.9133567,"서울 마포구 양화로 45 (서교동, 메세나폴리스)",마포구
홍대중앙점,37.55428029999999,126.9207862,서울 마포구 양화로 124 (서교동),마포구
홍대청기와점,37.5555692,126.9206333,서울 마포구 월드컵북로 7 (서교동),마포구
가재울점,37.5756211,126.912236,"서울 서대문구 수색로 100 (북가좌동, DMC래미안e편한세상)",서대문구
가재울중앙점,37.572893,126.912428,"서울 서대문구 가재울미래로 2 (남가좌동, DMC파크뷰자이)",서대문구
동교동점,37.5575817,126.9251554,서울 서대문구 신촌로 5 (창천동),서대문구
명지대점,37.5802219,126.9226047,서울 서대문구 거북골로 35 (남가좌동),서대문구
명지전문대점,37.5930107,126.9385581,서울 서대문구 가좌로 140 (홍은동),서대문구
무악재역점,37.582634,126.950134,서울 서대문구 홍제동 ,서대문구
북가좌동점,37.5834139,126.9115259,서울 서대문구 증가로 257 (북가좌동),서대문구
서대문구청점,37.57824224353534,126.93569228371322,서울 서대문구 연희로 237 (연희동),서대문구
서대문점,37.5669949,126.9651797,서울 서대문구 냉천동,서대문구
신촌기차역점,37.55895,126.941467,서울 서대문구 신촌역로 35 (창천동),서대문구
신촌역점,37.5670897,126.9467503,서울 서대문구 신촌로 87-20 (창천동),서대문구
연남동점,37.5627439,126.9214088,서울 서대문구 연희로 42 (연희동),서대문구
연세대점,37.5588603,126.9375258,서울 서대문구 연세로12길 10 (창천동),서대문구
이화여대점,37.55797046655752,126.94592111849613,"서울 서대문구 이화여대길 26 (대현동, 이화빌딩)",서대문구
충정로3가점,37.5610226183,126.962192415514,"서울 서대문구 경기대로 26-26 (충정로3가, 더스타일하우스디센트럴)",서대문구
홍은사거리점,37.5930107,126.9385581,"서울 서대문구 통일로 510 (홍은동, 북한산 더샵)",서대문구
홍제역점,37.5830666,126.9496747,서울 서대문구 홍제동,서대문구
강남센트럴시티점,37.503934456230404,127.00241119724721,"서울 서초구 신반포로 176 (반포동, 센트럴시티)",서초구
교대역점,37.49348156830381,127.01711123409879,"서울 서초구 서초대로56길 22 (서초동, 성운빌딩)",서초구
교육개발원사거리점,37.4782389,127.0398035,"서울 서초구 바우뫼로 180 (양재동, 신송빌딩)",서초구
국립국악원점,37.47756348465518,127.00852440751981,"서울 서초구 남부순환로 2364 (서초동, 국립국악원)",서초구
국립중앙도서관디지털관점,37.49784541491314,127.00399194893603,"서울 서초구 반포대로 201 (반포동, 국립중앙도서관)",서초구
국립중앙도서관본관점,37.49759316196095,127.0030193959796,"서울 서초구 반포대로 201 (반포동, 국립중앙도서관)",서초구
남부터미널점,37.4846913,127.0188535,서울 서초구 서초동 ,서초구
내방역점,37.4875268,126.9941918,"서울 서초구 서초대로 108 (방배동, 삼보빌딩)",서초구
반포지하상가점,37.506219322319325,127.0050532634284,"서울 서초구 신반포로 지하 200 (잠원동, 강남터미널지하쇼핑몰)",서초구
방배백석점,37.4787245624415,126.999783720903,서울 서초구 방배로 42 (방배동),서초구
방배역점,37.482139,126.9968963,서울 서초구 방배로 87 (방배동),서초구
방배중앙점,37.4910362,126.9830198,"서울 서초구 동광로 1 (방배동, 대양빌딩)",서초구
서울고속버스터미널점,37.5057291465854,127.00568884262599,"서울 서초구 신반포로 194 (반포동, 강남고속버스터미널)",서초구
서울교대점,37.5518911,126.9917937,서울 서초구 서초동 ,서초구
서초법조타운점,37.49479378533478,127.01448803642147,"서울 서초구 서초중앙로24길 7 (서초동, 동천빌딩)",서초구
서초역점,37.4876739,127.0085053,서울 서초구 서초동 ,서초구
서초우면중앙점,37.45646459702972,127.01625285612394,"서울 서초구 양재대로2길 100-11 (우면동, 서초 리슈빌S)",서초구
서초점,37.510472981127,127.0329589189837,서울 서초구 서초대로48길 16 (서초동),서초구
신사멀버리힐스점,37.5144406772564,127.019386390307,서울 서초구 강남대로 589 (잠원동),서초구
양재언남점,37.4720198,127.0463544,"서울 서초구 동산로 60 (양재동, 화성빌딩)",서초구
양재점,37.4860263770271,127.031487443707,서울 서초구 남부순환로347길 38 (서초동),서초구
양재중앙점,37.483606,127.0342984,"서울 서초구 강남대로 221 (양재동, 양재역 환승주차장)",서초구
양재하나로마트점,37.4719823,127.0374623,"서울 서초구 청계산로 10 (양재동, 농협하나로클럽)",서초구
예술의전당점,37.48343774983494,127.01212053082338,"서울 서초구 반포대로 32 (서초동, 원일빌딩)",서초구
우면동점,37.46593379999999,127.0179442,"서울 서초구 바우뫼로 20 (우면동, 고호빌딩)",서초구
잠원논현점,37.5108882,127.0201282,서울 서초구 신반포로 333 (잠원동),서초구
청계산입구역점,37.4484375,127.0554375,서울 서초구 신원동,서초구
포이점,37.4756326387006,127.044550865871,서울 서초구 마방로10길 42 (양재동),서초구
함지박사거리점,37.4940931,126.9899026,서울 서초구 방배로 234 우신빌딩,서초구
고대개운점,37.5876534,127.0294038,서울 성북구 개운사길 30 (안암동5가),성북구
고대점,37.5846644662531,127.029558844368,서울 성북구 고려대로24길 35 (안암동5가),성북구
길음뉴타운점,37.6085948,127.0220461,"서울 성북구 길음로 74 (길음동, 길음 에스에이치빌)",성북구
돈암동점,37.5977955,127.0182829,서울 성북구 동소문로 119 (동선동4가),성북구
돈암아리랑점,37.5996114,127.0134558,"서울 성북구 아리랑로 75 (돈암동, 돈암코오롱하늘채)",성북구
돌곶이역점,37.6102071,127.0581031,서울 성북구 돌곶이로22길 3 (석관동),성북구
동덕여대점,37.6034898226234,127.042688569342,서울 성북구 화랑로 99 (하월곡동),성북구
보문역점,37.5849003,127.0193241,서울 성북구 보문로 111 (보문동2가),성북구
석계중앙점,37.6137521,127.0649262,서울 성북구 화랑로40길 61 (석관동),성북구
석관동점,37.606523673300146,127.06226070129833,"서울 성북구 돌곶이로8길 22 (석관동, 래미안아트리치)",성북구
성신여대역점,37.5939295699321,127.015893755022,서울 성북구 동소문로17길 40 (동소문동6가),성북구
성신여대점,37.5911979,127.0207967,서울 성북구 보문로34길 100 (동선동2가),성북구
안암래미안점,37.58902457510121,127.02202493345699,서울 성북구 보문로30가길 42 (안암동1가),성북구
월곡1동점,37.6107208,127.0351251,서울 성북구 오패산로 99 (하월곡동),성북구
월곡동아점,37.60628529015279,127.04566819751201,서울 성북구 장월로1길 47 (상월곡동),성북구
월곡중앙점,37.6050376,127.0309636,"서울 성북구 종암로 167 (하월곡동, 동일하이빌뉴시티)",성북구
장위2동점,37.6093060056288,127.052463640045,서울 성북구 화랑로25길 14 (장위동),성북구
장위뉴타운점,37.6177100595708,127.051043617995,서울 성북구 장월로 144-1 (장위동),성북구
장위동점,37.6228267,127.048397,서울 성북구 월계로40길 7 (장위동),성북구
장위북서울꿈의숲점,37.6186447150426,127.045615723434,서울 성북구 돌곶이로41가길 2 (장위동),성북구
장위중앙점,37.6144277,127.0407678,서울 성북구 장위로 35 (장위동),성북구
정릉뉴타운점,37.6032405,127.0182023,"서울 성북구 정릉로 307 (정릉동, 라온유 아파트)",성북구
정릉점,37.615604,126.9976191,서울 성북구 보국문로 77 (정릉동),성북구
정릉중앙점,37.6046666,127.0119116,서울 성북구 정릉로 251 (정릉동),성북구
종암동점,37.5994896,127.0339384,서울 성북구 종암로 105 (종암동),성북구
하월곡동점,37.6035972,127.0375512,서울 성북구 오패산로 16 (하월곡동),성북구
한성대역점,37.5889969,127.0063897,서울 성북구 동소문로 19 (동소문동1가),성북구
한성대점,37.5878119,127.010102,서울 성북구 삼선교로 10 (삼선동1가),성북구
가든파이브점,37.4786173172251,127.119106729654,"서울 송파구 충민로 10 (문정동, 가든파이브툴)",송파구
가든파이브테크노관점,37.4776148442516,127.124961768886,"서울 송파구 충민로 66 (문정동, 가든파이브라이프)",송파구
가락몰점,37.493255747885364,127.11673189696464,"서울 송파구 양재대로 932 (가락동, 가락몰 판매동)",송파구
가락중앙점,37.498303976004735,127.12087308454156,서울 송파구 송이로 87 (가락동),송파구
개롱역점,37.497859860518204,127.13573191111163,"서울 송파구 오금로 407 (오금동, 상아아파트)",송파구
거여점,37.49352032166526,127.14434073545736,서울 송파구 오금로 497 (거여동),송파구
문정KDU타워점,37.4860603619746,127.115481243131,"서울 송파구 정의로 70 (문정동, 케이디유타워)",송파구
문정문현점,37.48014933249741,127.12670032405158,서울 송파구 새말로8길 30 (문정동),송파구
문정중앙점,37.4864475840776,127.126340658567,서울 송파구 문정로 31-1 (문정동),송파구
문정테라타워점,37.4846614982049,127.120933640924,"서울 송파구 송파대로 167 (문정동, 문정역테라타워)",송파구
방이시장점,37.5118083,127.1137359,서울 송파구 백제고분로48길 3 (방이동),송파구
방이역점,37.5095235,127.1247104,서울 송파구 위례성대로18길 32 (방이동),송파구
방이초교점,37.5127330893982,127.120016251041,서울 송파구 가락로 280 (방이동),송파구
삼전역점,37.5027813622658,127.095799159025,서울 송파구 백제고분로 263 (삼전동),송파구
서울삼성내과점,37.5061702039866,127.08075330646,"서울 송파구 백제고분로 126 (잠실동, 오룡빌딩)",송파구
석촌백제점,37.5056617466954,127.104455184706,"서울 송파구 백제고분로39길 15 (석촌동, 삼경빌딩)",송파구
석촌사거리점,37.5035006615978,127.108284732156,"서울 송파구 송파대로 409 (석촌동, 범양빌딩)",송파구
석촌역점,37.5071903282914,127.105841889845,"서울 송파구 송파대로 456 (송파동, 웅현빌딩)",송파구
송파동점,37.5067248967655,127.108394911161,"서울 송파구 백제고분로41길 5 (송파동, 태원빌딩)",송파구
송파문정점,37.49292715289153,127.12526318784414,서울 송파구 송이로 159 (가락동),송파구
송파올림픽훼미리타운점,37.49058756157332,127.11794613172697,"서울 송파구 중대로 24 (문정동, 올림픽훼밀리타운 아카데미 상가)",송파구
송파위례점,37.480845018993676,127.14280133733737,"서울 송파구 위례광장로 188 (장지동, 아이온스퀘어)",송파구
송파잠실점,37.5142862,127.100684,서울 송파구 삼전로 95 (잠실동),송파구
송파파인타운점,37.4835109,127.1299596,"서울 송파구 충민로2길 28 (장지동, 대진플라자2)",송파구
송파풍납점,37.5280435,127.116586,서울 송파구 강동대로9길 17-1 (풍납동),송파구
송파하비오점,37.4796683841344,127.124913859704,"서울 송파구 송파대로 111 (문정동, 파크하비오)",송파구
송파한양점,37.5037769729035,127.113590203805,"서울 송파구 가락로 165 (송파동, 위례캐슬빌)",송파구
오금점,37.50293221042804,127.1258397162108,"서울 송파구 오금로 306 (가락동, 가락스타클래스)",송파구
오금중앙점 ,37.5087791749502,127.1305037107547,"서울 송파구 위례성대로22길 18 (오금동, 이시돌빌딩)",송파구
올림픽프라자점,37.51573785966157,127.13191560436994,서울 송파구 양재대로 1222 (방이동),송파구
위례아이파크점,37.475807001357765,127.14207669027857,"서울 송파구 위례광장로 136 (장지동, 위례아이파크)",송파구
위례포레샤인점,37.47494648104577,127.13442428248332,"서울 송파구 위례순환로 477 (장지동, 위례포레샤인23단지)",송파구
잠실본동점,37.5047208554957,127.085852293902,"서울 송파구 백제고분로 172 (잠실동, 제이케이빌딩)",송파구
잠실역점,37.51353974735096,127.0993615087665,"서울 송파구 송파대로 567 (잠실동, 잠실주공아파트)",송파구
종합운동장역점,37.5115603565131,127.079181383259,"서울 송파구 올림픽로 76 (잠실동, J타워)",송파구
강서초교점,37.5220241,126.8429393,서울 양천구 오목로 48 (신월동),양천구
남부지방법원점,37.5215008347482,126.862615322582,"서울 양천구 은행정로4길 25 (신정동, SM엘루이아파트)",양천구
목3동점,37.5468869,126.8672611,"서울 양천구 목동중앙북로 38 (목동, 롯데캐슬위너아파트)",양천구
목4동점,37.5393416,126.8662282,서울 양천구 목동중앙본로7길 46 (목동),양천구
목동남부점,37.5360367,126.8745334,서울 양천구 목동남로 46 (신정동),양천구
목동로데오점,37.5279467362177,126.863821477728,서울 양천구 목동로 219 (신정동),양천구
목동센트럴아이파크위브점,37.5152188104643,126.840692066592,서울 양천구 남부순환로 603 (신월동),양천구
목동신목점,37.5369691,126.8714743,"서울 양천구 목동중앙로 85 (목동, 강산아파트)",양천구
목동신트리점,37.51332646905488,126.85550236470392,"서울 양천구 신정로 312 (신정동, 뉴프라자)",양천구
목동아델리체점,37.51805318749786,126.85263139671464,"서울 양천구 중앙로43길 14 (신정동, 래미안 목동아델리체)",양천구
목동역점,37.5360367,126.8745334,서울 양천구 오목로 227 (신정동),양천구
목동중앙점,37.5417859,126.8689531,"서울 양천구 목동서로 287 (신정동, 동문비젼오피스텔)",양천구
목동파라곤점,37.5360367,126.8745334,서울 양천구 목동서로 155 (목동),양천구
목동파리공원점,37.5360367,126.8745334,서울 양천구 목동동로 379 (목동),양천구
신월5동점,37.5391414,126.8275831,서울 양천구 화곡로 50 (신월동),양천구
신월7동점,37.5223947,126.8329818,서울 양천구 지양로 79 (신월동),양천구
신월사거리점,37.5356741789955,126.828923065237,서울 양천구 남부순환로 353 (신월동),양천구
신정교점,37.5235593,126.8757535,서울 양천구 신목로 36 (신정동),양천구
신정네거리역점,37.520209,126.852796,서울 양천구 중앙로 282 (신정동),양천구
신정서부점,37.5122198,126.8383477,서울 양천구 신정로11길 50-15 (신정동),양천구
신정역점,37.5249411,126.8546754,서울 양천구 오목로 155 (신정동),양천구
양천구청점,37.5152752,126.8623016,서울 양천구 목동동로 63 (신정동),양천구
오목교대학학원점,37.5250374,126.8730535,서울 양천구 오목로 319 (목동),양천구
오목교역점,37.5235593,126.8757535,서울 양천구 신목로 102 (목동),양천구
KBS별관점,37.5196744579443,126.928930989749,"서울 영등포구 국제금융로8길 27-9 (여의도동, 동북빌딩)",영등포구
국회대로점,37.5303335810073,126.919916432847,"서울 영등포구 국회대로72길 4 (여의도동, 아이비피아빌딩)",영등포구
국회의사당역점,37.526869878743,126.917843631999,"서울 영등포구 의사당대로 22 (여의도동, 이룸센터)",영등포구
남부고용센터점,37.525029038125,126.891103928762,서울 영등포구 양산로 71 (양평동3가),영등포구
당산버드나루점,37.5257108,126.9096108,서울 영등포구 버드나루로 87 (영등포동7가),영등포구
당산역점,37.5332974,126.9022397,"서울 영등포구 당산로 222 (당산동5가, 당산디오빌)",영등포구
당산중앙점,37.5286826,126.8976433,서울 영등포구 당산로 159 (당산동4가),영등포구
대림1동점,37.49647205091008,126.9028549432193,서울 영등포구 도림로 198 (대림동),영등포구
대림3동점,37.4995842,126.8981872,서울 영등포구 대림로 212 (대림동),영등포구
대림역점,37.4925289257081,126.895919529889,서울 영등포구 도림로31길 2 (대림동),영등포구
도림사거리점,37.5065555,126.9016164,서울 영등포구 도림로 326 (신길동),영등포구
도림점,37.5086253,126.896435,"서울 영등포구 도신로15길 40 (도림동, 도림빌딩)",영등포구
라이프점,37.5196351977246,126.939136417577,"서울 영등포구 63로 40 (여의도동, 라이프오피스텔)",영등포구
보라매역점,37.4996294,126.9199734,서울 영등포구 여의대방로 141 (신길동),영등포구
서여의도점,37.52964708447512,126.92108595764988,"서울 영등포구 국회대로72길 17 (여의도동, KCC파크타운)",영등포구
선유도역점,37.5381615,126.893892,서울 영등포구 양평로 126 (양평동5가),영등포구
신길성애병원점,37.511854826249035,126.92152601914933,서울 영등포구 여의대방로53길 27 (신길동),영등포구
신길썬프라자점,37.496429,126.9086066,서울 영등포구 신길로 42 (신길동),영등포구
신길아이파크점,37.5029408,126.9042156,서울 영등포구 도림로 280 (신길동),영등포구
신길역점,37.5142068,126.9193378,서울 영등포구 영등포로 353 (신길동),영등포구
신길중앙점,37.5121582,126.9165036,서울 영등포구 도신로 229 (신길동),영등포구
신풍역점,37.4999459,126.9117931,서울 영등포구 신풍로 52-1 (신길동),영등포구
양평동2가점,37.5243251,126.8837313,"서울 영등포구 선유서로25길 19 (양평동2가, 오목교투웨니퍼스트)",영등포구
여의나루역점,37.5260558187275,126.930769729764,서울 영등포구 여의나루로 113 (여의도동),영등포구
여의도농협재단점,37.5220163808659,126.930048684376,"서울 영등포구 국제금융로8길 2 (여의도동, 농협재단빌딩)",영등포구
여의도역점,37.5210144173791,126.923991634451,"서울 영등포구 의사당대로 108 (여의도동, 아일렉스)",영등포구
영등포knk점,37.52667482397141,126.90422425738349,"서울 영등포구 영신로 220 (영등포동8가, KnK디지털타워)",영등포구
영등포그랜드점,37.526790955173,126.888600855285,"서울 영등포구 양산로9길 15 (양평동3가, 그랜드타워)",영등포구
영등포본동점,37.5138808,126.9061101,서울 영등포구 영신로19길 15 (영등포동),영등포구
영등포아크로타워점,37.523923,126.9059749,"서울 영등포구 국회대로54길 10 (영등포동7가, 아크로타워 스퀘어)",영등포구
영등포에이스점,37.51466569999999,126.8984728,서울 영등포구 경인로 775 (문래동3가),영등포구
영등포점,37.51787131047062,126.90613304012865,서울 영등포구 영중로 16-1 (영등포동3가),영등포구
영등포중앙점,37.5223245,126.9101692,서울 영등포구 영중로 37 (영등포동4가),영등포구
영등포코레일점,37.5156680341198,126.907665995469,"서울 영등포구 경인로 846 (영등포동, 영등포 민자역사)",영등포구
영등포홈플러스점,37.50324896699568,127.02455282046348,"서울 영등포구 당산로 42 (문래동3가, 홈플러스)",영등포구
한강성심병원점,37.523129,126.9105655,서울 영등포구 버드나루로 51 (영등포동2가),영등포구
한국수출입은행점,37.5286372332436,126.923399003703,"서울 영등포구 은행로 38 (여의도동, 한국수출입은행빌딩)",영등포구
힐스테이트클래시안점,37.50498841878383,126.91093600723607,"서울 영등포구 신길로28길 9 (신길동, 힐스테이트 클래시안)",영등포구
갈현점,37.621541,126.913578,서울 은평구 갈현로 268 (갈현동),은평구
구산역점,37.611979902816174,126.91762675639762,서울 은평구 연서로 148 (대조동),은평구
구파발역점,37.6358487,126.9196234,"서울 은평구 진관2로 29-21 (진관동, 드림스퀘어)",은평구
녹번동점,37.60875371667509,126.92690582152824,"서울 은평구 진흥로 156 (녹번동, 신명빌딩)",은평구
녹번중앙점,37.6035067396377,126.934630829335,"서울 은평구 통일로 635 (녹번동, 녹번동메카오피스텔)",은평구
백련산아이파크점,37.59534169809925,126.91882273114796,"서울 은평구 응암로 264 (응암동, 서울빌딩)",은평구
본서부병원점,37.60130668380729,126.92212973358569,"서울 은평구 응암로 337 (응암동, 빛터룩스 빌딩)",은평구
불광역점,37.61069237611387,126.92942389241765,서울 은평구 통일로 731 (대조동),은평구
불광연서로점,37.620897,126.9248425,서울 은평구 연서로 275 (불광동),은평구
불광중앙점,37.61232903413161,126.93174133362822,서울 은평구 불광로 59 (불광동),은평구
새절역점,37.59318462886998,126.91361081200473,서울 은평구 가좌로 272 (신사동),은평구
수색역점,37.581926311730484,126.89630783479784,서울 은평구 수색로 250 (수색동),은평구
역촌동점,37.60527601006437,126.91070049318746,서울 은평구 갈현로 82 (역촌동),은평구
역촌사거리점,37.60895709646973,126.92093711755628,서울 은평구 서오릉로 100 (대조동),은평구
역촌역점,37.6054420445568,126.922124290438,서울 은평구 진흥로 95 (역촌동),은평구
역촌진흥로점,37.60076733486699,126.91863338447128,서울 은평구 진흥로1길 3 (역촌동),은평구
연신내역점,37.6188948297727,126.919884176889,서울 은평구 통일로 855-9 (갈현동),은평구
연신내중앙점,37.6170165,126.9226896,서울 은평구 통일로 825 (대조동),은평구
연신내통일로점,37.6211624,126.9202577,서울 은평구 통일로 876 (불광동),은평구
은평구청점,37.601551874463,126.92948914955393,서울 은평구 은평로 197 (녹번동),은평구
은평이마트점,37.60028905383288,126.92016492662756,"서울 은평구 은평로 111 (응암동, 은평이마트)",은평구
응암역점,37.600098929318705,126.91561001336949,"서울 은평구 연서로 9 (역촌동, 센타폴리스)",은평구
응암오거리점,37.59090765819004,126.91715178773087,서울 은평구 응암로 211 (응암동),은평구
응암중앙점,37.588465564633815,126.91657705577255,서울 은평구 응암로 183 (응암동),은평구
증산동점,37.5833665429509,126.906550600654,서울 은평구 증산서길 78 (증산동),은평구
경복궁역점,37.5767147965826,126.972206795305,"서울 종로구 자하문로 7 (체부동, 성명빌딩)",종로구
경희궁점,37.5716953499755,126.970696336246,서울 종로구 경희궁1길 16 (신문로2가),종로구
광화문점,37.57150699708368,126.97565344843615,서울 종로구 세종대로23길 15 (도렴동),종로구
광화문트윈트리타워점,37.5758772,126.9768121,"서울 종로구 율곡로 6 (중학동, 트윈 트리 빌딩)",종로구
낙원동점,37.8792639,127.7241321,서울 종로구 낙원동 ,종로구
대학로점,37.5817834,127.0031055,서울 종로구 대학로10길 17 (동숭동),종로구
독립문역점,37.57580600000001,126.9567685,서울 종로구 통일로 266 (무악동),종로구
동대문역점,37.57184800694998,127.00805518188871,"서울 종로구 율곡로 286 (종로6가, 야드인빌딩)",종로구
동묘역점,37.5731392,127.01677,서울 종로구 종로 354 (숭인동),종로구
방통대점,35.2243096,129.0072355,서울 종로구 대학로 81-1 (연건동),종로구
배화여대점,37.5777646,126.967502,서울 종로구 필운대로1길 35 (필운동),종로구
북촌마을점,37.5793376128612,126.982701926649,서울 종로구 북촌로5길 39 (화동),종로구
삼일빌딩점,37.5687424,126.9867265,서울 종로구 삼일대로15길 13 (관철동),종로구
상명대점,37.602638,126.955252,서울 종로구 홍지동,종로구
성균관대점,37.584533,126.9972449,서울 종로구 성균관로 8 (명륜2가),종로구
숭인점,37.5752518,127.0215847,서울 종로구 숭인동길 6 (숭인동),종로구
신설점,37.5742373886978,127.021476077131,서울 종로구 난계로29길 30 (숭인동),종로구
종로3가점,37.570408,126.9923534,서울 종로구 종로 126 (종로3가),종로구
종로4가점,37.5709455,126.9964343,서울 종로구 김상옥로 1 (인의동),종로구
종로5가점,37.574075527144224,127.00182933693897,서울 종로구 대학로 33 (효제동),종로구
종로교차로점,37.57062831400788,127.00218468908557,서울 종로구 동호로 406-1 (종로5가),종로구
종로구청점,37.5723555,126.9818018,서울 종로구 수송동,종로구
종로르메이에르점,37.5707661,126.9795234,서울 종로구 종로1가 르메이에르종로타운,종로구
종로삼일대로점,37.57289,126.9872414,서울 종로구 삼일대로 390-1 (관철동),종로구
종로타워점,37.57079,126.98356,"서울 종로구 종로 51 (종로2가, 종로타워)",종로구
창덕궁점,37.57228044824555,126.99142858488985,서울 종로구 돈화문로 41-1 (묘동),종로구
창신중앙점 ,37.5756904,127.0158154,서울 종로구 지봉로 64 (숭인동),종로구
탑골공원점,37.5705979,126.9906892,서울 종로구 낙원동 ,종로구
혜화동로터리점,37.5860305,127.0005638,서울 종로구 혜화로 3-1 (혜화동),종로구
혜화역점,37.5836183,126.9983225,서울 종로구 창경궁로 258-15 (명륜2가),종로구
IBK본점,37.56644251292965,126.98717557400126,"서울 중구 을지로 79 (을지로2가, 기업은행)",중구
YTN점,37.5597551,126.974635,서울 중구 세종대로1길 11 (봉래동1가),중구
광희동점,37.565028,127.0029827,서울 중구 마른내로 165-1 (광희동1가),중구
다동점,37.5681954,126.9814719,서울 중구 다동길 46 (다동),중구
동국대후문점,37.5625572053404,126.9986915916533,"서울 중구 창경궁로 2 (충무로5가, 남경빌딩)",중구
동대문점,37.5819561,127.054846,서울 중구 을지로43길 38 (을지로6가),중구
동평화점,37.569424,127.0132438,서울 중구 청계천로 318 (신당동),중구
만리동고개점,37.55193347815062,126.96257532807736,"서울 중구 만리재로 175 (만리동2가, 서울역센트럴자이),402동 102호",중구
명동거리점,37.5617602798822,126.985404271845,"서울 중구 명동8가길 7 (충무로2가, 프리엠상가)",중구
명동역점,37.560827,126.9832377,서울 중구 퇴계로 103 (충무로1가),중구
명동중앙점,37.5647312946952,126.983858910559,"서울 중구 명동7길 21 (을지로2가, 명동아르누보센텀)",중구
서소문점,37.5632737727618,126.973094520683,서울 중구 서소문로11길 8 (서소문동),중구
서울시청점,37.5671518187227,126.978729588014,"서울 중구 세종대로20길 23 (무교동, 원창빌딩)",중구
신당점,37.5635523,127.0148174,서울 중구 다산로35길 11 (신당동),중구
신당중앙점,37.475496,126.9812655,서울 중구 퇴계로 455 (황학동),중구
약수역점,37.5575087,127.0119799,서울 중구 동호로 186-13 (신당동),중구
오장동점,37.5647193,127.000811,서울 중구 마른내로 109-1 (오장동),중구
을지로3가점,37.5653685,126.9896351,서울 중구 수표로 45 (저동2가),중구
정동점,37.5679789,126.9693037,서울 중구 정동길 2-1 (정동),중구
중림점,37.5607773,126.9682129,서울 중구 청파로 464 (중림동),중구
청구역점,37.5597511,127.0132283,서울 중구 다산로 181-2 (신당동),중구
충무로3가점,37.5625582,126.9912391,서울 중구 퇴계로27길 31 (충무로3가),중구
충무로점,37.5607964,126.992541,서울 중구 퇴계로 188 (필동1가),중구
충무아트홀점,37.5652402,127.0139856,서울 중구 퇴계로 381-1 (신당동),중구
충무필동점,37.5583601,126.9942769,서울 중구 퇴계로 218-5 (필동2가),중구
태평로점,37.5623140006705,126.974582779311,서울 중구 세종대로11길 26 (서소문동),중구
퇴계로2길점,37.55756848236245,126.97740146915775,서울 중구 퇴계로2길 1 (남창동),중구
황학롯데캐슬점,37.5708733,127.0213284,"서울 중구 청계천로 400 (황학동, 롯데캐슬베네치아)",중구
회현SK리더스점,37.5590809,126.9805937,"서울 중구 퇴계로 72 (회현동1가, 리더스뷰남산)",중구
강동고덕교차로점,37.5574052401914,127.172575598882,"서울 강동구 고덕로 421 (강일동, 대한연세요양원)",강동구
강동구청점,37.5289686,127.1222046,"서울 강동구 성내로6길 20 (성내동, 청일 베르네)",강동구
강동성내점,37.530525580177894,127.12985994805354,서울 강동구 풍성로 162 (성내동),강동구
강동신명초교점,37.5411339937801,127.147402025244,"서울 강동구 명일로 260 (길동, 길동신동아아파트)",강동구
강동역점,37.5504483,127.1470117,"서울 강동구 천호대로 1065 (천호동, 강동상떼빌)",강동구
강일점,37.565355270810386,127.17410624484566,"서울 강동구 아리수로93길 19 (강일동, 임페리얼타워)",강동구
고덕그라시움후문점,37.56039666265223,127.16370018873648,서울 강동구 동남로82길 121 (고덕동),강동구
고덕점,37.55413723208973,127.15518054387726,"서울 강동구 동남로75길 19 (명일동, 명일빌딩)",강동구
길동사거리점,37.5347082,127.1372605,서울 강동구 천호대로 1132 (성내동),강동구
길동역점,37.5372792,127.1393753,서울 강동구 양재대로 1471 (길동),강동구
길동중앙점,37.5376246,127.1402323,서울 강동구 명일로 200 (길동),강동구
둔촌점,37.5282539,127.1447139,서울 강동구 양재대로 1377 (성내동),강동구
명일역점,37.550410338798194,127.14556505383719,"서울 강동구 구천면로 424 (명일동, 명일메가타운)",강동구
명일중앙점,37.5462992589271,127.145789262651,"서울 강동구 상암로 210 (명일동, 명일현대종합상가)",강동구
보훈병원점,37.5287781,127.1431444,"서울 강동구 명일로 110 (둔촌동, 둔촌동암펠로스타워)",강동구
상일리엔파크점,37.55139001231505,127.17398322022565,"서울 강동구 상일로 74 (상일동, 고덕리엔파크3단지아파트)",강동구
암사3동점,37.55445806224201,127.14074049194033,"서울 강동구 고덕로 140 (암사동, 프라이어팰리스)",강동구
암사역점,37.5508657313861,127.128126213246,"서울 강동구 올림픽로 782 (암사동, 501타워)",강동구
암사중앙점,37.5513635720856,127.134728442286,"서울 강동구 암사길 50 (암사동, 제이빌더스)",강동구
올림픽북문점,37.5244902,127.1288855,서울 강동구 성안로 7 (성내동),강동구
천호로데오점,37.5443765,127.1276202,서울 강동구 천호대로 1027 (천호동),강동구
천호역점,37.5379796,127.1237397,서울 강동구 천호대로 1006 (성내동),강동구
천호중앙점,37.54016837687974,127.12456936024019,"서울 강동구 올림픽로 660 (천호동, 천호엘크루주상복합)",강동구
천호초교사거리점,37.5467270340876,127.134809493652,"서울 강동구 구천면로 304 (천호동, 일주빌딩)",강동구
천호현대점,37.5394574,127.1259003,서울 강동구 올림픽로 665 (천호동),강동구
개봉역점,37.49425567906598,126.85837744421302,서울 구로구 남부순환로97길 11 (개봉동),구로구
개봉중앙점,37.48641,126.8548809,서울 구로구 개봉로3길 26 (개봉동),구로구
개봉현대점,37.4918637,126.8555982,서울 구로구 개봉로 69 (개봉동),구로구
고대구로병원점,37.492567,126.8833201,서울 구로구 구로동로 157 (구로동),구로구
고척사거리점,37.50590782693333,126.8582904039366,"서울 구로구 고척로 228-6 (고척동, 종만빌딩)",구로구
고척스카이돔점,37.49757339497824,126.86392369544527,"서울 구로구 경인로 397 (고척동, 골든타워빌딩)",구로구
구로NC점,37.4944134,126.8563336,서울 구로구 구로동로 240 (구로동),구로구
구로거리공원점,37.5007711,126.8893535,서울 구로구 구로중앙로28길 73 (구로동),구로구
구로고척점,37.5031210514888,126.850139541298,"서울 구로구 고척로 149 (고척동, 상암빌딩)",구로구
구로구청점,37.4966251468796,126.890315032666,"서울 구로구 가마산로25길 9 (구로동, 네오팰리스)",구로구
구로궁동점,37.497825883946476,126.82937821925746,서울 구로구 오리로 1304 (궁동) 1층,구로구
구로미성점,37.50618302845446,126.87671651690317,"서울 구로구 구로중앙로 228 (신도림동, 기임빌딩)",구로구
구로에이스점,37.51466569999999,126.8984728,서울 구로구 디지털로33길 11 (구로동),구로구
구로역광장점,37.50330519053889,126.88108330547095,"서울 구로구 경인로 572 (구로동, 스타팰리스)",구로구
구로이마트점,37.53095649999999,126.7365231,서울 구로구 디지털로32길 43 (구로동),구로구
구로중앙점,37.49006780787233,126.89208440149883,서울 구로구 도림로 79 (구로동),구로구
구로코레일점,37.50246213304171,126.88136511388151,"서울 구로구 구로중앙로 174 (구로동, 구로역)",구로구
구일역점,37.49494013521619,126.87192053744891,"서울 구로구 구일로 110 (구로동, 해원리버파크)",구로구
동양미래대학점,37.500272,126.8670405,서울 구로구 경인로47길 14 (고척동),구로구
메르디앙고척점,37.50272122020154,126.862695769372,"서울 구로구 중앙로8길 11 (고척동, 고척 월드메르디앙)",구로구
성공회대점,37.4872294,126.8242853,서울 구로구 연동로 312 (항동),구로구
신도림메르디앙점,37.509516,126.8820471,"서울 구로구 신도림로 65 (신도림동, 신도림월드메르디앙오피스텔)",구로구
신도림테크노마트점,37.5069735,126.8903193,서울 구로구 새말로 97 (구로동),구로구
오류남부점,37.4926091,126.8437777,서울 구로구 오류로8길 65 (오류동),구로구
오류북부역점,37.4953872,126.8435279,서울 구로구 경인로20길 6 (오류동),구로구
천왕이펜하우스점,37.486686,126.838681,서울 구로구 천왕로 36 (천왕동),구로구
경희대점,37.59203327648363,127.05250416385545,서울 동대문구 경희대로 4 (회기동),동대문구
경희대캠퍼스점,37.595279710668244,127.05111084006764,"서울 동대문구 경희대로 26 (회기동, 경희대학교,경희초,중,고,여자중고등학교)",동대문구
답십리사거리점,37.573052190180896,127.05611323484102,서울 동대문구 답십리로 145 (답십리동),동대문구
답십리파크자이점,37.5669101962131,127.061880899304,"서울 동대문구 한천로 55 (답십리동, 영진빌딩)",동대문구
동대문구청점,37.5736135434364,127.040640800113,서울 동대문구 천호대로 153-1 (용두동),동대문구
동부병원사거리점,37.5735046,127.0309651,서울 동대문구 무학로 104 (용두동),동대문구
배봉초교사거리점,37.5784698,127.069321,서울 동대문구 답십리로63길 131 (장안동),동대문구
서울시립대점,37.58327457593998,127.0548189288785,"서울 동대문구 서울시립대로 164 (전농동, 도석프라자)",동대문구
신설동역점,37.57504733413244,127.02493296369806,서울 동대문구 천호대로 11-3 (신설동),동대문구
외대점,37.59584025153598,127.06125986481157,서울 동대문구 휘경로 12 (이문동),동대문구
용두동사거리점,37.577701,127.0304641,서울 동대문구 왕산로 68 (용두동),동대문구
용두동점,37.5757257,127.034286,서울 동대문구 고산자로 413-1 (용두동),동대문구
이문점 ,37.6031275,127.0642249,서울 동대문구 신이문로 19 (이문동),동대문구
장안동사거리점,37.572295,127.0748317,서울 동대문구 답십리로 309 (장안동),동대문구
장안동점,37.5650632,127.0666931,서울 동대문구 장한로 43 (장안동),동대문구
장안중랑천점,37.56754823943685,127.07077591338621,서울 동대문구 장한로18길 32 (장안동),동대문구
장안중앙점,37.5806984,127.0709597,서울 동대문구 사가정로25길 42 (장안동),동대문구
장한평군자초교점,37.562872788703984,127.06144791110913,서울 동대문구 한천로2길 53 (장안동),동대문구
전농뉴타운점,37.5750329,127.0496055,서울 동대문구 답십리로 77 (전농동),동대문구
전농사거리점,37.5776021,127.0595087,서울 동대문구 사가정로 132 (전농동),동대문구
청량리점,37.581381,127.048958,서울 동대문구 왕산로 225 (청량리동),동대문구
촬영소사거리점,37.5722268,127.0694723,서울 동대문구 답십리로 264 (장안동),동대문구
회기역점,37.58989405306092,127.06058696054686,"서울 동대문구 망우로 67 (휘경동, 효자 워너빌)",동대문구
회기역중앙점,37.58980550001833,127.05749583678211,서울 동대문구 회기로 194-1 (휘경동),동대문구
논골사거리점,37.5556203,127.0247986,서울 성동구 난계로 35 (금호동1가),성동구
답십리로데오점,37.5637655,127.0525842,서울 성동구 용답19길 17-1 (용답동),성동구
뚝섬역점,37.5473256,127.048794,서울 성동구 상원길 38-1 (성수동1가),성동구
마장동점,37.5699814,127.0373421,서울 성동구 고산자로 339-2 (마장동),성동구
마장역점,37.5659109,127.0421543,서울 성동구 마장로 293-1 (마장동),성동구
상왕십리역점,37.5657152,127.0303134,서울 성동구 무학봉15길 27 (하왕십리동),성동구
성동구청점,37.5636603,127.0357573,서울 성동구 고산자로 269 (도선동),성동구
성수아카데미점,37.5451437,127.0578284,서울 성동구 성수이로 118 (성수동2가),성동구
성수우리W타워점,37.5447256,127.0621362,서울 성동구 아차산로15길 19 (성수동2가),성동구
성수중앙점,37.5442438,127.0552721,"서울 성동구 성수일로6길 47 (성수동2가, 현성빌딩)",성동구
신금호역점,37.553945,127.0196382,서울 성동구 금호산길 64 (금호동2가),성동구
옥수동점,37.5452467,127.0156749,서울 성동구 매봉길 12 (옥수동),성동구
옥수역점,37.5419889,127.0167737,서울 성동구 한림말5길 9 (옥수동),성동구
왕십리비트플렉스점,37.56192679999999,127.0384157,서울 성동구 왕십리광장로 17 (행당동),성동구
왕십리센트라스점,37.5663196,127.0236616,서울 성동구 무학로 22 (홍익동),성동구
왕십리역점,37.5613546,127.0347728,서울 성동구 왕십리로 309 (행당동),성동구
응봉동점,37.5515276,127.0330901,"서울 성동구 독서당로 381 (응봉동, 현대종합상가)",성동구
장한평역점,37.5609511,127.0662748,서울 성동구 천호대로 426 (용답동),성동구
텐즈힐점,37.5680704,127.0259032,"서울 성동구 무학로 33 (하왕십리동, 텐즈힐)",성동구
한양대점,37.5599816,127.0415033,서울 성동구 사근동길 4 (행당동),성동구
행당동점,37.5580159,127.0337407,서울 성동구 고산자로 201 (행당동),성동구
IBK고객센터점,37.53494410336005,127.00692431290224,"서울 용산구 한남대로 72 (한남동, IBK기업은행고객센터)",용산구
동부이촌동점,37.5174531,126.9665337,서울 용산구 이촌로77길 19 (이촌동),용산구
동자동점,37.5520713,126.9724315,서울 용산구 후암로 93 (동자동),용산구
삼각지점,37.53144899999999,126.9703879,서울 용산구 한강대로 138 (한강로2가),용산구
숙대입구역점,37.5440208,126.9719508,서울 용산구 한강대로 289 (갈월동),용산구
순천향병원점,37.5330587,127.0059327,서울 용산구 대사관로 72 ,용산구
용문점,37.53584882357322,126.9611373908156,서울 용산구 원효로41길 73 (원효로2가),용산구
용산원효점,37.5325054872953,126.951642152118,"서울 용산구 원효로 70 (원효로4가, 신정빌딩)",용산구
용산중앙점,37.5254333,126.9646879,서울 용산구 한강대로 52-1 (한강로3가),용산구
용산청파점,37.5494639189725,126.969413497587,"서울 용산구 청파로71길 10 (청파동1가, 새마을금고)",용산구
용산효창점,37.540537976136086,126.96220762686157,서울 용산구 효창원로66길 2 (효창동),용산구
용산후암점,37.5495283931423,126.977694955629,"서울 용산구 후암로 40-2 (후암동, 성원빌딩)",용산구
원효로점,37.5405279,126.9691008,서울 용산구 원효로 257 (원효로1가),용산구
이태원역점,37.5342678321451,126.993425922089,서울 용산구 이태원로 176 (이태원동),용산구
금란망우점,37.6000681,127.1031213,서울 중랑구 망우로 460 (망우동),중랑구
동원사거리점,37.5896269575279,127.094182772191,"서울 중랑구 겸재로 240 (면목동, 행복오피스텔)",중랑구
망우동점,37.5991279,127.0983355,서울 중랑구 망우로 416 (망우동),중랑구
망우중앙점,37.5974674047065,127.09415879594557,"서울 중랑구 용마산로115길 109 (망우동, 한일써너스빌리젠시2단지)",중랑구
망우코레일점,37.5992876153903,127.092756577852,"서울 중랑구 망우로55길 11-10 (상봉동, 망우역)",중랑구
먹골역점,37.6097411262067,127.076897926489,서울 중랑구 동일로157길 13 (묵동),중랑구
면목경남아너스빌점,37.574252177368244,127.08048931056359,서울 중랑구 면목로27길 92 (면목동),중랑구
면목늘찬병원점,37.5879908042663,127.079680860838,"서울 중랑구 동일로 643 (면목동, 늘찬병원)",중랑구
면목본동점,37.5849094,127.0885874,서울 중랑구 면목로 370 (면목동),중랑구
면목역점,37.5901934659094,127.086826066156,"서울 중랑구 면목로 429 (면목동, 킴스아파트)",중랑구
봉화산역점,37.6163947,127.0926039,서울 중랑구 신내로 211 (신내동),중랑구
사가정아이파크점,37.5834835948977,127.083196727099,"서울 중랑구 동일로92길 57 (면목동, 메디포레)",중랑구
사가정역점,37.5811447,127.0881679,서울 중랑구 면목로 325 (면목동),중랑구
상봉엠코점,37.5977702,127.0898521,"서울 중랑구 망우로 353 (상봉동, 상봉 프레미어스 엠코)",중랑구
상봉역점,37.5960553404392,127.08342099906,서울 중랑구 망우로 277 (상봉동),중랑구
상봉중앙점,37.5965958,127.0873349,서울 중랑구 망우로 316 (상봉동),중랑구
서울상봉1동점,37.6002908828924,127.087790157773,서울 중랑구 상봉중앙로 36 (상봉동),중랑구
서울의료원점,37.613159711460625,127.09776667760102,"서울 중랑구 신내로 156 (신내동, 서울의료원)",중랑구
서울중화초등학교점,37.60237451498618,127.09544803898844,"서울 중랑구 신내로7가길 7 (신내동, 제이리옴)",중랑구
서일중앙점,37.5866117,127.0955358,"서울 중랑구 용마산로 394 (면목동, 해동검도)",중랑구
신내동점,37.6076181,127.0965284,서울 중랑구 봉화산로 215 (신내동),중랑구
양원역점,37.60748470605642,127.10675146670297,서울 중랑구 양원역로14가길 24 (망우동),중랑구
용마산역점,37.5754345842239,127.085692400436,서울 중랑구 면목로 254-1 (면목동),중랑구
우림시장점,37.5953112037654,127.099371847976,서울 중랑구 봉우재로 240 (망우동),중랑구
중랑교차로점,37.5913937,127.0798713,서울 중랑구 동일로 683 (면목동),중랑구
중랑묵동점,37.61335268312136,127.0775356804549,"서울 중랑구 동일로 932 (묵동, 묵동자이아파트)",중랑구
중랑역점,37.593212,127.0748661,서울 중랑구 망우로 198 (상봉동),중랑구
중화동점,37.5993838458016,127.079542626772,서울 중랑구 동일로129길 1 (중화동),중랑구
중화역점,37.603129,127.0788891,"서울 중랑구 동일로 815, 1층",중랑구
화랑대역점,37.61954020149987,127.08413727538176,"서울 중랑구 신내로25가길 2 (묵동, 현동학당)",중랑구
봉천역점,37.482667,126.9418247,서울 관악구 남부순환로 1725 (봉천동),관악구
동서울터미널점,37.5340985,127.0922113,서울 광진구 구의동 ,광진구
아차산역점,37.55177,127.0902383,서울 광진구 천호대로 663 (구의동),광진구
독산롯데시네마점,37.4693273,126.8970414,서울 금천구 시흥대로 399 (독산동),금천구
상계역점,37.6598008,127.0756284,서울 노원구 덕릉로 698 (중계동),노원구
월계초교점,37.6269412,127.0503463,서울 노원구 월계동 ,노원구
도봉보건소사거리점,37.6567466,127.0388047,서울 도봉구 해등로 157 (쌍문동),도봉구
방학역점,37.662166,127.0334228,서울 도봉구 도봉로153길 15 (방학동),도봉구
중앙대점,37.5069892,126.9584078,서울 동작구 흑석로 79 (흑석동),동작구
연희삼거리점,37.5682728,126.9318184,서울 서대문구 연희로 117 (연희동),서대문구
동소문동점,37.5920114,127.0128569,서울 성북구 동소문로13길 5 (동소문동4가),성북구
올림픽공원점,37.5162001,127.1098021,서울 송파구 올림픽로 354 (방이동),송파구
영등포구청점,37.5244574,126.8965606,서울 영등포구 당산로 110 (당산동3가),영등포구
영등포시장점,37.5218347,126.9042296,서울 영등포구 영등포로35길 19 (영등포동6가),영등포구
한국은행점,37.5614031,126.9789515,서울 중구 남대문로 29-2 (남대문로3가),중구
남구로역점,37.4846716,126.8870975,서울 구로구 디지털로27길 127 (가리봉동),구로구
